Year,Average proportion of Terrestrial Key Biodiversity Areas (KBAs) covered by protected areas (%)
2000.0,63.15367
2001.0,63.32346
2002.0,63.35953
2003.0,63.35953
2004.0,63.35953
2005.0,63.35953
2006.0,63.35953
2007.0,64.22254
2008.0,65.10794
2009.0,66.74307
2010.0,66.74307
2011.0,66.7963
2012.0,66.7963
2013.0,67.63735
2014.0,67.63735
2015.0,67.63735
2016.0,67.95881
2017.0,67.95881
2018.0,68.03098
2019.0,68.03098
2020.0,68.03098
2021.0,68.03098
2022.0,68.03919
2023.0,68.03919
