Year,Average proportion of Terrestrial Key Biodiversity Areas (KBAs) covered by protected areas (%)
2000.0,22.69634
2001.0,22.69634
2002.0,23.45027
2003.0,23.45027
2004.0,23.45956
2005.0,24.82501
2006.0,24.88298
2007.0,27.18593
2008.0,27.86593
2009.0,28.26932
2010.0,31.55557
2011.0,31.57035
2012.0,31.96504
2013.0,35.30234
2014.0,36.32241
2015.0,37.03058
2016.0,37.03085
2017.0,37.03085
2018.0,37.03085
2019.0,37.03085
2020.0,37.03085
2021.0,37.03085
2022.0,37.03085
2023.0,37.03085
